"The WHY, WHAT, HOW"
"Why do we need a WHY or a mission statement? Your WHY also inspires your audience and makes them willing to spread your message and take action with you.To Inspire & MotivateTo be the core of brand and communicationTo set purpose, direction & focusTo separate moderately successful companies from hugely successful companies  What is a good mission statement? A good WHY immediately answers these questions: Why does this organization exist?Why should anyone care?Why do you go to work?  What is a good WHY? Has to frame every single thing we doHas to make sense to our customersHas to help us succeedHas to be just one sentenceIs unselfish, and it underlines that what we do is to the benefit of somebody else"
"In startups and scale-ups, growth is typically the goal over strong maagement principles. This isn't as big of a deal when you are small, but as you hire more people on, this causes cracks in the culture and eventually can impact your abiility to scale up.    Management ""culture"" and practices gets left up to the manager, with some lip service from HR on development and training. Rarely is there is a true management training that supports this.    Many of these managers are ICs that performed well but lack experience leading people, managing performance, engaging teams, and fosteinrg growth and development."
"Become a more motivating place to work - where talent is motivated"
"Elevate communication in the workplace and unlock people's growth potential."
"A better place to work"
"Support leaders in how they harnass talent (Activate and engage people/engine)"
"Increase employee engagement"
"Improve how businesses develop its people"
"Improve how we communicate - drive clarity and action"
"Unlock accountability and peoples full potential"
"Construct a better foundation by using your most valuable resource, its people"
"work better together"
"Embrace the art and science of management"
"Infrastructure to nurture the art and science of mgmt"
"Space to manage better"

"The Problem"
"Failure to Scale-Up"
"Struggling to Deliver"
"Startups fail. As of 2021, 20% failed in the first year, 50% within five years, and 65% within 10 years. While there are several root causes to analyze, we'll focus on when the mission/vision is compromised. During aggressive scaling, startups can lose sight of their core culture and values, leading to fragmentation of focus, unacceptable compromises, and dissasociated goal setting that derails growth.   Rsearch (from Bain) indicates that commitment to the mission + vision coupled with an alignment of internal structures against these have an impact on financial performance, and therefore success. Employee behavior was found to have the most direct relationship with financial performance."
"  Employees look up to their managers for training and guidance. Who an employee’s manager is and how they’re trained to handle certain situations (feedback, recognition, time off, etc.) makes a huge difference.   Nearly two-thirds of managers are highly confident about their ability to lead... yet only one-third of employees share that confidence in their managers.   And that matters...   50% of employees leave their companies because of their boss: The survey found that workers feel like they’re given little guidance for understanding what’s expected of them."
"Translation of Mission and Vision"
"Disengaged"
"While founders in a company set a vision and mission in the early days, as more people come on board, the resoponsibility of translating this mission falls to managers. Managers significantly influence and shape the actual culture of an organization through their actions, policies, and the work environment they cultivate for employees.   50% of employees experience culture most strongly through their managers approach to performance.   By translating the deeper meaning behind the mission/vision, managers can foster a sense of engagement, motivation and purpose among employees that aligns with the company's cultural identity."
"  69% of managers are often uncomfortable communicating with employees, and 37% said they’re uncomfortable having to give direct feedback about their employees’ performance   "
"  While a majority (57%) of managers said that their organization offers clear tracks for advancement, only 36% of employees agree. Nearly half of the employees (47%) said their organizations didn't provide clear advancement tracks or were unsure if they did.   When asked whether they've had at least one conversation with their manager about their career vision, only half of employees (52%) said ""yes,” compared with 85% of managers.   "
"  Managers account for at least 70% of the variance in employee engagement   Only 30% of U.S. employees and 13% worldwide are engaged. Worse, over the past 12 years, these low numbers have barely budged: the vast majority of employees worldwide are failing to develop and contribute at work"
"Summary of Opportunities for Managers"
"  Set A High Bar That Shepards ICs Connection With Company Mission, Vision, Values     Establish Goals and Targets That Matter and Ladder Up to Impact at the Biz Level"
"  "
"Weak Foundations"
"In terms of building a strong people management culture, consider that 83% of founders are starting up a business for the first time. They often lack the experience, method, and skills they need to build their businesses and enter the scale-up realm. Among these skills, founders often neglect mentoring the next generation of leaders, who then struggle to effectively lead teams without proper guidance.   In the scale-up realm, people leaders are often born from individual contributors that performed well but lack management experience or skills. Those skills that made them effective in the startup environment often vary considerable from what's needed as a scale up."
"High Expectations"
"The expectations of managers today is ever changing, and never higher. Managers today must:   1) Adopt agile methodologies to be adaptable, foster innovation, and respond quickly to changes in the market or organizational priorities.   2) Leverage data to inform strategies, improve team performance, and achieve better outcomes.   3) Build a supportive environment, identify signs of burnout, and provide resources/adjustments to help the team maintain mental health.   4) Identify skill gaps within their teams and facilitate continuous learning and development opportunities.   5) Foster collaboration across different functions and teams to drive innovation and achieve common goals.   6) Set clear expectations, provide regular feedback, and be transparent about decision-making processes and business outcomes.   Add to this the requirement to manage and motivate borderless teams through the right collaboration tools.   Gartner asked 75 HR leaders from companies worldwide how their managers were faring, 68% reported that they were overwhelmed."
"  Performance management   A mere 2% of companies feel their performance management approach delivers exceptional value."
"  Establish, Communicate, Measure, and Hold To Account ""What Good Looks Like""   Improve Performance Management - Holistically Measuring Metrics, Skills, Behaviors and Impact"
"Prioritize and Improve Engagement   Feedback Being Involved"

"Problems To Solve"
"Focusing on What Matters"
"New Managers Struggle To Get Started"
"Too many reports/dashboards/data points to know what matters / what to focus on"
"Not focusing on the right thing"
"Lack of Efficient System"
Today&#39;s Most Critical Workplace Challenges Are About Systems,https://hbr.org/2023/01/todays-most-critical-workplace-challenges-are-about-systems
"No consistency across managers / ICs"
"The Changing Role of the Manager"
"Remote managers: More difficult to connect with team members"
"INtersection of metrics, behaviors, impact, and competencies"
"Expectations against Performance"
"Unclear  how team operations work"
"Develop bottom 20% versus the top 20%"
"Lack of Coaching"
"Manager use PM tools to fit people management"
"https://www.gallup.com/workplace/231593/why-great-managers-rare.aspx","https://www.gallup.com/workplace/231593/why-great-managers-rare.aspx"
"Leveling Up Manager Skills"
"Waste time painting a full story"
"Articulating what ""good"" looks like across metrics, competencies, etc"
"Objective ""rating"" rarely occurs"
"Being remote: Visibility to what the team is doing"
"Burnout"
"Hard to find Benchmarks and Comparisons"
"Managers Do Not Know What ""Good"" Looks Like As A Leader"
"We spend too much time on employees that ""won't make it"" or don't have good enough visibility into poor performance"
"Transparency on how these progress"
"Staying Organized"
"The role has changed and managers are asked to do more"
"Managers lacking self awareness are worse managers"
"Weekly 1:1 are key"
"Trust Building + Providing"
"What's my team capacity/when should I hire"
"ICs do not feel/see the connection of their work to the bigger picture and company goals"
"Managers Fail to Effectively Engage Teams"
"Responsiveness is essential in being viewed as effective by reports"
"Hard time finding what talents to capitalize on for ICs"
"To that end, there are three things you must know about each of your direct reports:   What are his or her strengths? What are the triggers that activate those strengths? What is his or her learning style?"

"What&#39;s the Product Do?"
"Performance Notes (Tracking Poor Performance and Issues)"
"Performance Improvement Plans"
"For Managers: Engage With My Team"
"Employee Performance"
"1:1 Doc"
"Employee Career Development"
"Manager Decision Making"
"What's the overall ""health"" of my team?"
"What are my teams biggest weaknesses?"
"Employee Skills Development"
"How is each team member performing?"
"Employee Development Focus Points"
"Employee Projects"
"How do I callibrate performance ratings and fairly ""rate"" a team members performance?"
"What are my teams biggest strengths?"
"Where should I focus my energy on individual team members?"
"Drive transparency for manager and employee on ""how I am doing"""
"Drive transparency for manager and employee on ""what good looks like"""
"When do I need to hire?"
"For Managers: Design My Team Operations"
"For Employees"
"Track + Set Responsibilities by role and level"
"Track + Upload Team Competences by Role and Level"
"Track + Set Performance Expectations"
"Role Expectations"
"Performance Overview"
"1:1 Doc"
"Development Plan"
"Competency Tracker"
"Set Team and Individual Goals"
"Department Role and Expectations Breakdown"
"Department Performance"
"Track + Set Capacity Plan"
"My Goals"
"Team Goals"
"Company Goals"
"For Company Leaders"
"Future AI ""CoPilot"""
"View on Team Performance"
"Insight on Hiring + Capacity"
"Individual Contributor ""Rising Stars"""
"Career coach (for IC and manager) based on dev plan"
"Team performance against similar businesses"
"Guidance on where to invest energy crossing the ""high performance"" threshold"
"Proactive remediation when team member is performing below acceptable threshold"
"Clarity on Roles/ Expectations/ Competencies"
"View on Manager Performance"
"Individual Contributor ""Baseball Cards"""
"Identify disengaged employees"

"The Solution"
"Clear Direction That Aligns with the Company Vision"
"Improve Team Engagement and Performance"
"Goal Setting"
"Continuous Feedback & Adaptation"
"Growth and Development"
"Team Level - Goal monitoring at the team, department, company level with regular cadence of progress reporting and challenge identification - Lean hard into the narrative on how each role factors into supporting the mission - Weekly updates pushed out and reminders for core focus areas - Rewards and recognition across all levels, tied to expectations, mission, goals, values, etc.     Individual Level - Consistent space to view and update progress - Weekly 1:1 check ins and evaluation against goals - Transparent view on ""how someone is doing"" against expectations in the 4 main pillars of perfrmance (metrics, skills, behaviors, values)"
"Team Level"
"Team Level - Engineer operations where individual goals ladder to team --> department --> company goals - Keep the team's focus on these objectives (long and short term) - Build milestones within these to support the big picture   Individual Level - Measurable targets (performance metrics) are clear by role and level and the impact on goals/the business are crystal clear - Responsibilities and developmental goals (skill assessments) are clear with examples of ""what's expected"" in line with role and level - Behavioral and values expectations (values alignment) laid out clearly"
"Increasing transparency and building trust between managers and employees through open communication is essential for getting where you want to go   Over 71% of employees who have weekly performance conversations are highly engaged.   What they do: - They create a culture of clear accountability - They build relationships that create trust, open dialogue, and full transparency - Recognize the importance of feedback, seek out opportunities to provide this, lean into the action of giving feedback, and do this in a productive/specific way that helps them learn and grow - They make decisions based on productivity, not politics   How they do it: - Encourage subordinates to put in the effort needed and to be active members of the team - Weekly updates on the status against these, awareness of the overall health of goal attainment at any given moment - Well prepared for meetings, produce high quality work - Asynch updates keeping the team abreast as things change - Understanding and clearing roadblocks - Regular 1:1 check ins - Project management against timelines"
"Scaling business' needs leaders that drive a culture of action, accountability, and that translate goals downward that move the mission towards the vision.   Vision is accomplished by strategies that are accomplished through goal attainment, that are accomplished through individual tasks - and we need managers that can make this connection and develop people against it   What they do: - Motivate every employee to take action and engage employees with a compelling mission and vision - They have the assertiveness to drive outcomes and the ability to overcome adversity and resistance - Adaptability to change   How they do it: - Prioritize carefully and don't let setbacks panic them in staying focused on the ultimate goal - Lead by example that ""change is constant"" with thier team - Aligning employee goals with organizational objectives and tracking progress through regular check-ins helps managers ensure employees are performing in line with business priorities. "
"Department and Company Level - Engineer an operation where company goals clearly push through to everyone in the business  - Have confidence that the right mission, vision, values, and behaviors are being worked towards across all teams - See how your subordinate teams are building their systems to align - Uncover opportunities for feedback on mismatched or unfocused goals - Clearly see what metrics are measured and skills are required (and assessed) for each role"

"Brand"
"Aquamarine #3B707D Orange #FFB85D Red Orange #FF5412 Black #030A04","https://www.canva.com/colors/color-meanings/aquamarine/, https://www.canva.com/colors/color-meanings/orange/, https://www.canva.com/colors/color-meanings/red-orange/, https://www.canva.com/colors/color-meanings/black/"
"LOGO"

"Marketing Message and Positioing"
"What's Unworkable About the Problem"
"What's Unavoidable About the Problem"
"What's Urgent About the Problem"
"How Is This Problem  Underserved In the Market"
"For Business / Department Heads"
"Clarity"
"For Managers"
"Transparency"
"Provide a proven approach that leaders of high performing teams use and the tools to back this up"
"Get organized"
"Provide an objective and fair approach to performance evaluations"
"Lack of engaged managers lead to disengaged employees"
"Managers (esp frontline) as the ket intersection of bringing scale ups down the journey"
"Pull in the three most important elements of perf management: metrics, skills, behaviors in one place"
"Culture of trust, accountability, transparency - helps people understand what good looks like, where they stack up, how they can improve. Helps focus your time on the ""right"" segments of the team and manage out those that are not living up to role expectations."
"Empower leaders with a 360-degree team performance insight. enabling informed decision-making and strategic team development."
"Stay focused and organized against the performance against expectations that ""really matters"""
"Business growth gets stunted"
"Translators of the company vision to execution and bringing the vision to the frontline"
"Clarify what ""good"" looks like, measure where your employees are against this expectation, and drive acountability in where they need to focus."
"Infrastructure for engagement and trust"
"Management Foundation for Success"
"Missing ""root cause"" data on employees - seeing what they are doing against what they should be doing"
"How to Differentiate   2.Focus on a Niche While your competitors may target a broad audience, finding a niche within the market can help you tailor your product more closely to the specific needs of that segment. For instance, you might focus on managers in a particular industry (e.g., tech startups, healthcare) or those managing remote or hybrid teams. Specializing can make your product the best solution for a specific problem or sector. 3. Innovate on Usability and User Experience (UX) Given your emphasis on usability as a differentiator, your product should excel in ease of use, intuitive design, and a seamless user experience. This could involve: Simplifying Complex Processes: Automate routine tasks, streamline workflows, and minimize the steps needed to complete actions. Personalization: Offer customization options that allow managers to tailor the platform to their team’s specific needs and preferences. Mobile Optimization: Ensure your product offers a fully functional mobile experience, acknowledging the increasing trend towards mobile management. 4. Incorporate Advanced Technologies Leverage technologies like AI and machine learning to offer predictive insights, personalized suggestions for improving team performance, and automated analysis of team dynamics. This could set your product apart by providing actionable intelligence that can help managers make informed decisions. 5. Emphasize Employee Engagement and Well-being Go beyond traditional performance management to incorporate features that support employee engagement, mental health, and well-being. This can include tools for recognition, feedback, personal development plans, and wellness resources. A holistic approach to team performance, which includes well-being, can be a strong differentiator. 6. Foster a Community Build a community around your product. Offer forums, webinars, and resources where managers can share experiences, challenges, and best practices. This not only adds value but also turns your product into a hub for professional growth and networking. 7. Agile Development and Continuous Improvement Adopt an agile development methodology that allows you to quickly adapt and iterate based on user feedback. Being responsive to the needs of your users and continuously enhancing your product can keep you ahead of competitors. 8. Transparent Pricing and Flexible Plans Consider offering transparent, flexible pricing models that accommodate the diverse needs and sizes of teams. This can make your product more accessible to a wider range of potential customers, especially smaller teams or organizations that might find competitors’ pricing prohibitive. 9. Robust Support and Training Offer exceptional customer support and comprehensive training resources. This can include online tutorials, live support, and dedicated account management. Providing excellent support not only improves user satisfaction but can also differentiate your product in a crowded market. 10. Build Partnerships Establish partnerships with other software providers and platforms to offer integrations that extend the functionality of your product. This can make your solution more attractive by ensuring it fits seamlessly into the existing tech ecosystem of potential customers."
"missing a target manager strategy to address this root problem"
"Product Positioning Strategy 3. Key Benefits: Highlight the three main problems your product solves, focusing on the benefits: Centralized Performance Indicators: Simplify team management by integrating all key performance indicators in one platform.Enhanced Transparency for Superiors: Offer customizable views for superiors to gauge team performance across the organization, identifying strengths and areas for improvement.Streamlined Management Infrastructure: Provide managers with a structured template for effective team management, boosting confidence and competency in building high-performing teams."
"Evaluation"
"Market Need"
"Opportunity: What is Disruptive, Discontinuous (different enough), Defensible,"
"BLAC & white "
"The most comprehensive  ManagerData Set"
"White Space"
"Blatant"
"Critical"
"Vitamins / Penecilin "
"Before"
"After"
"Latent"
"Aspirational"
"Acute Pain"
"Absolute Joy"
"For (minimum viable segment) - with BLAC, that is 4U   Who are dissatisfied with (the current unworkable or underserved alternative)    Our product is a (3d new product - MVP)    That provides (compeling switching capability (gain) that overcomes (the risk)    Unlike (the unworkable alternative that underserves)"
"Product is no the FULL solution, so address: What deopendancies are involved? What external factors need consideration? Would you face backlash What is the timing? "
"HRIS, Training, CRM"
"Pain of adoption / cost of adoption VERSUS Gain of Purchasing and adoption"

"Research"
How to Manage a Startup Team During the Scaling Phase - perceptionbox.io,https://perceptionbox.io/business/how-to-manage-a-startup-team-during-the-scaling-phase/
"https://hbr.org/2005/03/what-great-managers-do","https://hbr.org/2005/03/what-great-managers-do"
"https://www.gallup.com/workplace/231593/why-great-managers-rare.aspx","https://www.gallup.com/workplace/231593/why-great-managers-rare.aspx"
"trends in management profession Agile and Flexible Management Styles: The fast-paced and ever-changing business environment has necessitated more agile and flexible management styles. Managers are adopting principles from agile methodologies to be more adaptable, foster innovation, and respond quickly to changes in the market or organizational priorities.Data-Driven Decision Making: The availability of vast amounts of data and advanced analytics tools has led to a trend towards data-driven decision making. Managers are expected to leverage data to inform their strategies, improve team performance, and achieve better outcomes.Focus on Employee Wellbeing and Mental Health: There is an increasing focus on the wellbeing and mental health of employees. Managers are tasked with creating a supportive environment, recognizing the signs of burnout, and providing resources or adjustments to help team members maintain their mental health.Upskilling and Reskilling: As technology and business practices evolve, there is a continuous need for upskilling and reskilling. Managers play a crucial role in identifying skill gaps within their teams and facilitating continuous learning and development opportunities.Collaboration Across Functions and Teams: The siloed approach to management is becoming less effective in the interconnected and interdisciplinary business landscape. Managers are now expected to foster collaboration across different functions and teams to drive innovation and achieve common goals.Increased Accountability and Transparency: There is a trend towards greater accountability and transparency in management practices. Managers are expected to set clear expectations, provide regular feedback, and be transparent about decision-making processes and business outcomes. "
The Future of Performance Reviews,https://hbr.org/2016/10/the-performance-management-revolution
"Managers will succeed only when they can identify and deploy the differences among people, challenging each employee to excel in his or her own way. This doesn’t mean a leader can’t be a manager or vice versa. But to excel at one or both, you must be aware of the very different skills each role requires."
"Gallup reported in two large-scale studies in 2012 that only 30% of U.S. employees are engaged at work, and a staggeringly low 13% worldwide are engaged. Worse, over the past 12 years, these low numbers have barely budged, meaning that the vast majority of employees worldwide are failing to develop and contribute at work.   Gallup finds that great managers have the following talents:   They motivate every single employee to take action and engage employees with a compelling mission and vision. They have the assertiveness to drive outcomes and the ability to overcome adversity and resistance. They create a culture of clear accountability. They build relationships that create trust, open dialogue, and full transparency. They make decisions based on productivity, not politics.         ","https://www.gallup.com/services/176708/state-american-workplace.aspx, https://www.gallup.com/services/176735/state-global-workplace.aspx, https://news.gallup.com/businessjournal/162953/tackle-employees-stagnating-engagement.aspx"
"Managers account for at least 70% of the variance in employee engagement If you consider how important employee engagement is and how engagement affects every aspect of your business (profits, customer service, loyalty, etc.), this statistic is incredibly scary. Managers are overwhelmed and overworked, but this is something that can’t be ignored. Employees look up to their managers for training and guidance, and if they don’t get it from them they’re guaranteed to be disengaged. Who an employee’s manager is and how they’re trained to handle certain situations (feedback, recognition, time off, etc.) makes a huge difference. "
The Middle Manager as Innovator,https://hbr.org/2004/07/the-middle-manager-as-innovator
Study Unearths 3 Problems With Manager Effectiveness And Employee Connection Skills,https://www.forbes.com/sites/bryanrobinson/2023/03/07/study-unearths-3-problems-with-manager-effectiveness-and-employee-connection-skills/?sh=58f957f87a95
"https://www.forbes.com/sites/forbescoachescouncil/2023/12/12/20-skills-that-distinguish-great-managers-from-good-ones/?sh=3de91214301d","https://www.forbes.com/sites/forbescoachescouncil/2023/12/12/20-skills-that-distinguish-great-managers-from-good-ones/?sh=3de91214301d"
"https://hbr.org/2022/03/managers-cant-do-it-all","https://hbr.org/2022/03/managers-cant-do-it-all"
4.3 The Roles of Mission, Vision, and Values,https://open.lib.umn.edu/principlesmanagement/chapter/4-3-the-roles-of-mission-vision-and-values/
Skills-based organizations | Deloitte Global,https://www.deloitte.com/global/en/issues/work/skills-based-organizations.html
63% of failed investments caused by major skills gaps in sales and marketing | Startups Magazine,https://startupsmagazine.co.uk/article-63-failed-investments-caused-major-skills-gaps-sales-and-marketing
How Many Startups Fail and Why?,https://www.investopedia.com/articles/personal-finance/040915/how-many-startups-fail-and-why.asp

"Things I Have"
"https://docs.google.com/spreadsheets/d/1I1hRvhohRY4kd1Y9p34rm_a8w70MxJpvHgbU5S_kCC4/edit#gid=0","https://docs.google.com/spreadsheets/d/1I1hRvhohRY4kd1Y9p34rm_a8w70MxJpvHgbU5S_kCC4/edit#gid=0"
"https://docs.google.com/spreadsheets/d/1WHAHJmQl2oIu8Z040LQVLgPZLrKtIUlhUvP3hLJI96k/edit#gid=0","https://docs.google.com/spreadsheets/d/1WHAHJmQl2oIu8Z040LQVLgPZLrKtIUlhUvP3hLJI96k/edit#gid=0"
"https://docs.google.com/spreadsheets/d/1-Vsb84Qt-823WAtU8nfyylTOtwlvhUF9JA5ax3BkFk0/edit#gid=0","https://docs.google.com/spreadsheets/d/1-Vsb84Qt-823WAtU8nfyylTOtwlvhUF9JA5ax3BkFk0/edit#gid=0"

"Backend Queries &amp; Calculations"

"Name","Value Family","Description","Role","Level","Advanced Example","Skilled Example","Learning Example","UnSkilled Example"



"Chat Prompt - Internal Team Meeting"
"I need actionable advice to improve the quality of meetings based on the items being discussed and actioned. These meetings are all being documented and include Agenda Notes (agenda items discussed together along with more detailed notes of the conversation once it takes place) and Tasks (action items that are assigned during meetings with due dates and owners included).   Meetings also include Goals, which should be the overarching outcomes that either/or all parties are working towards throughout the relationship. Ideally, most of the items discussed and actioned should have an impact on these goals.   The following are notes and taks documented from an internal team meeting.   The goals for this relationship include: - Qualify over 500 leads from marketing by June 2024 - Improve communications across the team and ensure everyone is aware of critical company and department updates - Improve the quality of leads, measure by increasing revenue closed from the AE team - Spend more time learning from each other and structure our team development sessions better   In reviewing the goals above and the outcomes they are working to acheive, please review the agenda notes and tasks and provide:   1. Input on whether or not the agenda notes and tasks are relevant in furthering the stated goals 2. Advice on the quality of notes and tasks that are being captured 3. Up to five suggestions on how to improve/make meetings more efficient 4. Up to two things that seem to be working well.   Meeting on May 10, 2024 Agenda Notes - Review of pipeline: looks like we are making progress but still trailing where we were last year. We agreed to taking a closer look at the lapsed leads from marketing and try to a campaign to engage these. Fidning it hard to get people on the phone, emails are getting a bit more engagement but we are still struggling here. - Discuss quarterly outting: thinking about going to the bowling alley and having apps/drinks. - We need to find a better way of displaying data against goal progress. WIll reach out to the data team to get some more help on this. Tasks - Amy to find out more about how we can improve the state of our dashboards   Meeting on April 13, 2024 Agenda Notes - Review of pipeline: off to a tough month. Few of the inbounds are converting for us and people seem very hesitant to pick up the phone. Have flagged to marketing team, but we are unclear on what actions to take next. Need to look into more direct/outbound efforts.  Tasks   Meeting on April 1, 2024 Agenda Notes - Tasks"

"The Product"
"Manager Mission Control"
"Team Mission Control"
"Team Operations Customer Demand Staffing Model Forecasting Budget Compensation"
"Team Operations Customer Demand Staffing Model Forecasting Budget Compensation"
"Organization Goals Measurement 1 Measurment 2 Department Goals Measurement 1 Measurment 2"
"Team Health KPI 1 KPI 2"
"Organization Goals Measurement 1 Measurment 2 Department Goals Measurement 1 Measurment 2"
"Team Health KPI 1 KPI 2"
"Team Goals Measurement 1 Measurment 2"
"Reports & Dashboard Project Project"
"Team Goals Measurement 1 Measurment 2"
"Reports & Dashboard Project Project"
"Individual Performance Name - Status Name - Status Name - Status Name - Status"
"People Operations Development Performance Reviews Improvement Plans Recruiting & Hiring Employee Feedback"
"Growth and Development Development Performance Reviews "
"Key Intiatives Project Project"
"Key Intiatives Project Project"
"Department Head Mission Control"
"Dept Operations Customer Demand Staffing Model Forecasting Budget Compensation"
"Organization Goals Measurement 1 Measurment 2 Department Goals Measurement 1 Measurment 2"
"Team Health KPI 1 KPI 2"
"Team Goals Measurement 1 Measurment 2"
"Reports & Dashboard Project Project"
"Individual Performance Name - Status Name - Status Name - Status Name - Status"
"People Operations Development Performance Reviews Improvement Plans Recruiting & Hiring Employee Feedback"
"Key Intiatives Project Project"
"Individual Mission Control"
"Dept Operations Customer Demand Staffing Model Forecasting Budget Compensation"
"Organization Goals Measurement 1 Measurment 2 Department Goals Measurement 1 Measurment 2"
"Team Health KPI 1 KPI 2"
"Team Goals Measurement 1 Measurment 2"
"Reports & Dashboard Project Project"
"Individual Performance Name - Status Name - Status Name - Status Name - Status"
"People Operations Development Performance Reviews Improvement Plans Recruiting & Hiring Employee Feedback"
"Key Intiatives Project Project"






"Settings"
"Job Settings"
"Company Settings"
"Edit Access Admin"
"Edit Access Admin Department Head"
"People Operations Roles - Settings: Table view where admins can create / update role descriptions, leveling, compensation, responsibilities   Performance Metrics - Settings: Table view where admins can create / update measurable expectations for each role and associated level   Performance Skills - Settings: Table view where admins can create / update skills portfolio and examples for each role and level   Performance Values - Settings: Table view where admins can create / update expected values for each role and associated level (cannot write against company-specific values)"
"Company Settings Role Capacity - Settings: Table v   "
"Create/Update Company Details  Company Goals Company Values"
"Create/Update Job Role Operations Database Salaries Role Details (Metrics) Role Details (Skills/Behavior) Role Details (Values)"
"Performance Evaluations Evaluation - Settings: Form to indicate the ""scale"" evaluations are conducted on and the weighting across each category   Metrics Alignment - Settings: Table view where admins can create / update how each core role metric is evaluated and wieghted in the ""metrics"" category   Skills Alignment - Settings: Table view where admins can create / update how each core role metric is evaluated and wieghted in the ""skills"" category   Values Alignment - Settings: Table view where admins can create / update how each core role metric is evaluated and wieghted in the ""values"" category"
"Capacity and Recruitment Settings"
"Project Settings"
"Edit Access Admin Department Head"
"Edit Access Admin Department Head Manager"
"Capacity Settings Role Capacity - Settings: Table view where admins can create / update the primary ""unit of work"" and time period it's measured for against each role  and level. Also allows for entry of assumed ""shrinkage"" or ""workforce lost"".   Capacity Actuals - Settings: Table where actual volume is entered and calculated against capacity settings in each role and level   "
"Company Settings Role Capacity - Settings: Table v   "
"Create/Update Capacity Model Inputs Capacity Model Outputs"
"Create/Update Company Details  Company "

"The Data Play"
"Research/ Reports/ Consulting Off Input Data"
"Sell Anonymized Data on Manager and Team Performance"
"Sell Anonymized Data on Operations By Role (Capacity) Against Performance"
"Benchmarking"

"Training + Guidance"
"Not just ""an app"""
"online courses, workshops, and user groups"
"building a community to support other managers"
"doesn't have to be ""lonely in the middle"""
"""The StartUp Manager"" - Community/Blog/Videos"
"Consult on best practices for engaging your team"
"Offer training and coaching on how to manage remote teams"
"Offer training and coaching for first time managers"
"Help you cultivate a culture where decisions are made based on insights derived from data."
"Help you bring on AI tools to support your management"
"Train on using agile methods on your team. Sprints,  feedback loops, and pivot quickly based on customer feedback."

"Product"
"Problem To Solve   Problem How are individuals performing against what ""good"" looks like for their role? Who Has The Problem Team Manager Solution  A ""mission control"" for me to see employee ""ratings"" against expectations in their role. A detailed team page to see how they are performing against a range of expectation variables including metrics, competencies, and behaviors against company values.  How It Makes Customer's Life Better Rather than needing to look at multiple dashboards, tracking sheets, and going back in to look at past notes, the app summarizes the things that matter most and critically presents this to both you and your employee. This will cut down on any ambiguity both for the manager (how do I truly judge how a team member is doing and hold confident feedback/coaching conversations with them outside of scheduled reviews) and the employee (how do I truly know how I am performing and what I need to focus on in my role).  Via a beautifully designed ""mission control"" I can answer the top level questions about my team which calculates individual's ratings day over day and feel confident about the ""facts"" that are behind my team's current state. If I want more detail, I can click in and dig deeper. If I want a summary, I can zoom out.        Problem: Solution: How It Makes Customer's Life Better:       Problem: Solution: How It Makes Customer's Life Better:"
"Value prop   What is it? Why is it better than competitors?"
"Examine the different categories and add the benefits your product or service would offer!"
"Efficiency Does your product or service save time or make tasks easier for your customers?  "
"Cost Savings Does your product or service help customers save money, either directly or indirectly?  "
"Service or Product"
"Quality Does your product or service offer superior quality compared to other options in  the market? "
"Innovation Does your product or service offer a new or innovative solution to a problem?  "
"Sustainability Does your product or service offer environmental benefits or contribute to sustainability? "
"Health and Wellness Does your product or service contribute to the health and wellness of your customers?  "
"Convenience Does your product or service make life more convenient for your customers? "
"Customization Does your product or service offer customization options to meet individual customer needs? "
"Brand Reputation Does your product or service benefit from a strong brand reputation or positive customer reviews?  "
"Customer Experience    How does your product or service improve the customer's experience?   How do these features differentiate your product or service from others in the market?   "
"What's So Unique?   Feature: All In One and Seamless Integrations Feature: Recommended Performance Rating  Feature: AI Generated Performance Review Product Vision: Designed with the Manager in mind, Not the HR Team Product Vision: Usability is Paramount  Feature: Transparent ""Cards"" to Indicate Performance and Skills"
"Future Developments   "

"Company"
"Legal Structure"
"Mission"
"What is the legal structure of your business? Is it a sole proprietorship, a partnership, a corporation, or some other type of business entity? Why did you choose this structure?"
"What is the mission of your business? What are its main goals and objectives?"
"Empower Managers to make decisions"
"Focus teams on what really matters"
"Break down ambiguity on ""what good looks like"" in a role"
"Get Managers organized"
"Set the tone for new managers to buiodl high performing teams"
"LLC"
"Location"
"Vision"
"Where is your business located? Why did you choose this location?  How does it benefit your business?"
"What is your vision for the future of your business? Where do you see it in 5 years? 10 years?"
"Delaware (somewhere with favorable tax laws)"
"Remote First / Fully Remote"
"Boston (attract talent)"
"Used by over 25% of people leaders on GTM teams"
"Monetize data + benchmarks"
"Product/Service"
"Target Market"
"Who are your target customers? Why are they a good fit for your product or service?"
"What product or service does your business offer? What makes it unique or valuable? How does it meet the needs or solve the problems of your target customers?"
"People Managers"
"Tech Companies"
"GTM  Managers"
"Web Application"
"""mission control"" for people managers"
" One spot for all team metrics, competencies, expectations, and impact"
"Removes ambiguity on performance against expectations"
"Competitive Advantage"
"Founders/Team"
"What sets your business apart from the competition? What is your unique selling proposition (USP)?"
"Who are the key members of your team? What skills, experiences, or qualifications do they bring to the business?"
"Manager coaching and ""alers"""
"All in one solution"
"Usability - Simple, easy to use and designed with the manager, not HR, in mind"
"A single platform that comprehensively addresses all these requirements—team performance understanding, overall team health visibility, competency development tracking, opportunity identification, and CRM integration—is challenging because most platforms tend to specialize"
"Business Model"
"Growth Strategy"
"How does your business make money? What is your pricing strategy? How do you deliver your product or service to your customers?"
"How do you plan to grow your business? What strategies will you use to attract and retain customers, increase sales, and expand your market share?"
"Subscription Based"
"Modular ""Add ons"""
"Research + Insights"
"Low touch/no touch direct sale to managersB2C)"
"High touch sale into the department"

"Competitive Landscape"
"Feedback + Engagement"
"Integration capabilities: How well the platform integrates with existing tools, especially CRMs, is crucial for maintaining streamlined operations.Customization: The ability to customize the platform to fit your specific needs for performance management, competency tracking, and analytics.Scalability: Whether the platform can scale with your organization as it grows and changes.User Experience: How intuitive and user-friendly the platform is for managers and team members alike."
"Pluralsight Skills: Offers skill assessments and learning paths in tech-focused disciplines, allowing managers to track team competencies and individual skill development.   Coursera for Business: Provides access to a wide range of courses for skill development and professional growth, with tracking features for managers to monitor team progress.   Culture Amp excels in deep analytics and customization of surveys, making it suitable for organizations looking for detailed insights into employee engagement and culture. It offers a science-backed platform with benchmarks against industry standards, providing actionable insights   Glint: Part of LinkedIn, offers robust analytics and predictive insights into employee engagement, helping leaders identify areas of improvement and prevent burnout. It's known for its real-time dashboards and heatmaps that provide a quick overview of team health and organizational culture trends."
"How to Differentiate   2.Focus on a Niche While your competitors may target a broad audience, finding a niche within the market can help you tailor your product more closely to the specific needs of that segment. For instance, you might focus on managers in a particular industry (e.g., tech startups, healthcare) or those managing remote or hybrid teams. Specializing can make your product the best solution for a specific problem or sector. 3. Innovate on Usability and User Experience (UX) Given your emphasis on usability as a differentiator, your product should excel in ease of use, intuitive design, and a seamless user experience. This could involve: Simplifying Complex Processes: Automate routine tasks, streamline workflows, and minimize the steps needed to complete actions. Personalization: Offer customization options that allow managers to tailor the platform to their team’s specific needs and preferences. Mobile Optimization: Ensure your product offers a fully functional mobile experience, acknowledging the increasing trend towards mobile management. 4. Incorporate Advanced Technologies Leverage technologies like AI and machine learning to offer predictive insights, personalized suggestions for improving team performance, and automated analysis of team dynamics. This could set your product apart by providing actionable intelligence that can help managers make informed decisions. 5. Emphasize Employee Engagement and Well-being Go beyond traditional performance management to incorporate features that support employee engagement, mental health, and well-being. This can include tools for recognition, feedback, personal development plans, and wellness resources. A holistic approach to team performance, which includes well-being, can be a strong differentiator. 6. Foster a Community Build a community around your product. Offer forums, webinars, and resources where managers can share experiences, challenges, and best practices. This not only adds value but also turns your product into a hub for professional growth and networking. 7. Agile Development and Continuous Improvement Adopt an agile development methodology that allows you to quickly adapt and iterate based on user feedback. Being responsive to the needs of your users and continuously enhancing your product can keep you ahead of competitors. 8. Transparent Pricing and Flexible Plans Consider offering transparent, flexible pricing models that accommodate the diverse needs and sizes of teams. This can make your product more accessible to a wider range of potential customers, especially smaller teams or organizations that might find competitors’ pricing prohibitive. 9. Robust Support and Training Offer exceptional customer support and comprehensive training resources. This can include online tutorials, live support, and dedicated account management. Providing excellent support not only improves user satisfaction but can also differentiate your product in a crowded market. 10. Build Partnerships Establish partnerships with other software providers and platforms to offer integrations that extend the functionality of your product. This can make your solution more attractive by ensuring it fits seamlessly into the existing tech ecosystem of potential customers."
"All In One"
"Rippling"
"Lattice: Primarily known for its performance management capabilities, Lattice also offers features related to employee engagement and development, which can help managers understand the overall health of their team. Through its Goals feature, managers can track competency development and attainment. Lattice provides insights and analytics that can help identify areas of opportunity within teams. While it doesn't natively function as a CRM or integrate directly with all CRM platforms, it does offer integrations with HRIS systems and other tools through Zapier, which might indirectly connect to some CRMs depending on the setup. Zavvy:  Workday Human Capital Management (HCM): Workday HCM is a more comprehensive solution that covers a wide range of HR functions, including performance management, talent management, and learning and development. It can provide insights into team performance and health, track skill development, and help identify opportunities for improvement or investment. Workday offers integrations with various third-party applications, including some CRMs, through its extensive ecosystem of partners. This makes it a potential all-in-one solution, although it's geared more towards large enterprises. SAP SuccessFactors: Similar to Workday, SAP SuccessFactors offers a broad suite of HR solutions, including performance and goals, employee experience management, learning, and development. It provides analytics and insights into team performance and health, supports competency development tracking, and identifies opportunities for team and individual growth. SuccessFactors can integrate with SAP's own CRM solutions (e.g., SAP C/4HANA) and potentially other CRMs through SAP's extensive integration capabilities. Salesforce (with add-ons like Salesforce Performance Management): While Salesforce is primarily a CRM, it has expanded its offerings to include various aspects of employee engagement and performance management through add-ons and third-party apps available on the Salesforce AppExchange. By leveraging these tools, managers can monitor team performance, track competency development through learning platforms integrated with Salesforce, and get insights into team health and opportunities. This approach requires more customization and possibly integration with other specialized tools but offers the advantage of keeping customer data and team performance metrics in a single ecosystem. "
"Performance Management"
"Skills/Competency"
"Leapsome"
"Lattice: A comprehensive performance management platform that facilitates goal setting, performance reviews, and feedback, helping managers and employees stay aligned and focused.   15Five: Combines continuous feedback, weekly check-ins, and goal setting to improve employee performance and engagement. It also supports one-on-one meetings with built-in templates and agendas.   ClearCompany: Stands out for its alignment feature, ensuring that employee goals are directly tied to company objectives, which promotes transparency and alignment across the organization. It's a comprehensive platform that also integrates with several HR processes, including recruiting and onboarding, making it ideal for organizations looking for an all-in-one HR solution. "
"Pluralsight Skills: Offers skill assessments and learning paths in tech-focused disciplines, allowing managers to track team competencies and individual skill development.   Coursera for Business: Provides access to a wide range of courses for skill development and professional growth, with tracking features for managers to monitor team progress."
"Task Management"
"Asana: A project management tool that helps teams organize, track, and manage their work and goals efficiently, with features for setting priorities and deadlines. Trello: A visual tool using boards, lists, and cards to organize and prioritize projects in a flexible and rewarding way, ideal for managing team tasks and projects. "

"The Market"
"Current State + Trends   Enhanced EI and Interpersonal Skills  Managers are increasingly expected to excel in communication, empathy, and the ability to motivate and engage their teams. High-performing teams must be able to blend technical excellence and bulding strong interpersonal relationships and a supportive culture.   Agile + Lean Management Practices Managers are expected to facilitate agile practices, fostering environments that support rapid iteration, continuous feedback, and flexibility. Lean management practices, focus on value creation and waste elimination, are also gaining traction. This requires managers to be more adaptable, to think strategically about resource allocation, and to continuously seek improvements in processes and outcomes.   Remote and Hybrid Work Management Covid accelerated the adoption of remote and hybrid work models, and they are a lasting feature of the tech industry landscape. Managers must overcome challenges and opportunities presented by these models: maintaining productivity, communication, and team cohesion without the benefit of physical proximity. This trend has heightened the need for managers to leverage technology effectively for collaboration, to establish clear goals and expectations, and to support work-life balance.   Focus on Diversity, Equity, and Inclusion (DEI)  Managers play a key role in implementing DEI initiatives, from recruitment and hiring practices to team dynamics and career development opportunities. This trend reflects a broader societal movement towards equity and social responsibility, recognizing that diverse and inclusive teams are more innovative and perform better.   Continuous Learning and Upskilling Given the rapid pace of technological change, there's a constant need for learning and skills development. Managers are not only responsible for their own upskilling but also for facilitating the continuous professional growth of their teams. This includes identifying skill gaps, advocating for training resources, and creating opportunities for team members to apply new skills and knowledge.   Data-Driven Decision Making Managers are increasingly relying on data to inform their decisions, from project prioritization to performance assessment and strategic planning. This trend requires managers to be proficient in data analysis and to foster a culture where decisions are made based on evidence and insights rather than intuition alone."
"Sizing "
"Why They Would Care"
"Barriers to Entry"
"907K Marketing & Sales Managers ","https://datausa.io/profile/soc/marketing-sales-managers"
"626K Sales Reps"
"900K Managers in Tech Industry"
"Marketing Strategy"
"SWOT"
"TOFU/MOFU"
"BOFU"
"230K CS Managers   6% growth through 28'","https://www.zippia.com/customer-service-manager-jobs/trends/"
"Online Blog + Educational Content"
"Free Offering"
"2.1M CS Reps (-1.6% growth)"
"Short Courses"
"Start by identifying who your main competitors are. These could be businesses that offer similar products or services, operate in the same geographic area, or target the same customer base.  Research each competitor to understand their business model, products or services, pricing strategy, marketing tactics, customer base, and more  Analyze each competitor's strengths and weaknesses. Strengths could include things like a strong brand, a loyal customer base, or a unique product.   Identify opportunities and threats. Opportunities could be areas where your business could gain an advantage over the competitor, such as a gap in their product line or a market they haven't tapped into. Threats could be areas where the competitor could pose a challenge to your business, such as a new product they're launching or a strong marketing campaign.  Reflect on the SWOT analysis and consider what it means for your business. How can you leverage your strengths and opportunities to gain a competitive edge?  Repeat this process for each of your main competitors. This will give you a comprehensive view of your competitive landscape and help you position your business for success."
"Weaknesses"
"Strengths"
"First Time Manager Enablement"
"Manager Organization"
"Industry Events"
"Opportunities"
"Threats"
"Current State + Trends   Gallup reported in two large-scale studies in 2012 that only 30% of U.S. employees are engaged at work, and a staggeringly low 13% worldwide are engaged. Worse, over the past 12 years, these low numbers have barely budged, meaning that the vast majority of employees worldwide are failing to develop and contribute at work.","https://www.gallup.com/services/176708/state-american-workplace.aspx, https://www.gallup.com/services/176735/state-global-workplace.aspx, https://news.gallup.com/businessjournal/162953/tackle-employees-stagnating-engagement.aspx"
"Target Customer "
"Balancing multiple demands in the role"
"GTM Team Managers"
"Still feeling out how to fairly assess team performance against ambiguous goals"
"Managers of 3+"
"28-35 Years old"
"Similarly, when the research firm Gartner asked 75 HR leaders from companies worldwide how their managers were faring, 68% reported that they were overwhelmed. Nonetheless, according to Gartner, only 14% of those companies had taken steps to help alleviate their managers’ burdens. "
"Managers with less than 3 years management exp."
"Tech Industry"
"Growth Plan"
"Managers account for at least 70% of the variance in employee engagement If you consider how important employee engagement is and how engagement affects every aspect of your business (profits, customer service, loyalty, etc.), this statistic is incredibly scary. Managers are overwhelmed and overworked, but this is something that can’t be ignored. Employees look up to their managers for training and guidance, and if they don’t get it from them they’re guaranteed to be disengaged. Who an employee’s manager is and how they’re trained to handle certain situations (feedback, recognition, time off, etc.) makes a huge difference."
"Works Remote"
"Low price/ barrier to entry for a manager to buy"
"Start-Ups and Scale Ups"
"SAME price for the team"
"Company where deep management experience is lacking"
"$100/mo for the business"
"According to research from Gallup, 50% of employees leave their companies because of their boss. A Gallup study of 7,272 U.S. adults revealed that one in two had left their job to get away from their manager to improve their overall life at some point in their career. Gallup explains that when you have a bad boss, it creates this compounding effect that’s really damaging. Employees are miserable at work, that misery follows them home, making them even more stressed and spreading that negativity to their families. The survey found that workers feel like they’re given little guidance for understanding what’s expected of them."

"Manager View: Mission Control"
"[Name]'s Mission Control"
"Team Health"
"Goals"
"My Team Summary"
"AVG Rating"
"'% Capacity'"
"Top Skills"
"XXXX"
"IMG"
"Status"
"Employee Name"
"Initiatives"
"IMG"
"Status"
"Employee Name"
"IMG"
"Status"
"Employee Name"
"Operations   Skills Matrix (Link)  Performance Expectations (Link)  Value Expectations (Link) Compensation (Link)"
"My Team Engagement"
"Manager Tools"
"Working With Me Doc"
"Team Comms"
"Development Comms"

"Manager View: My Team"

"KPI","Target","Actual","Notes"




"Employee Name","Role","Level","Rating","Performance Rating","Skills Rating","Values Rating","Projects","1:1 Doc"




"Skill Name","AVG Rating","Top Performers","Struggling Performers"




"Role","Expected Volume","Actual Volume","Capacity State"



"My Team Dashboard"
"Individual Employee View"
"Goals"
"Basic Info   Employee Name Role and Level Start Date EID"
"Performance"
"Projects"
"IMG"
"Team Summary"
"Team Members (Stacked)"
"Name Role + Lvl Rating 1:1 Doc Projects Development Plan Manager Notes Metric 1: Expected V Actual Metric 2: Expected V Actual Metric 3: Expected V Actual Skills Rating: Value Rating:"
"Shared 1:1   "
"Coach"
"Note"
"Actions"
"Capacity"
"Projects"
"Skills Summary"
"Development Plan"
"Past Notes "
"Past Meeting Notes"
"Past Meeting Notes"

"Final Database Design"

"UUID","Manager_ID","Direct_Report_ID","Connection_ID"




"Role_Level ID","Job Role","Functional Team","Job Level","Salary Min","Salary Max","Variable/ Bonus?","Variable/ Bonus Payout Time","Variable/ Bonus Amount","Job Responsibilities","Years Experience Required","Team_Id","Performance Scale Min","Performance Scale Max"


"Business Development Representative",,"Sales","3","55,000","65,000","Bonus","Quarterly","7,000","Feedback Collection: Gathering feedback from both successful and unsuccessful sales pitches to refine the lead generation and qualification processes. Sales Support: Providing support to the sales team during the closing stages of a deal, which could include preparing sales materials, documentation, or assisting with sales presentations.Professional Development: Participating in training and professional development opportunities to improve sales and communication skills, product knowledge, and industry expertise."

"Value ID","Value Name","Order","Description","Team","Evaluation Minimum (scale)","Evaluation Maximum (scale)","Role_Level ID"," Value Type"
,,"Primary, Secondary, Tertiary,",,,,,,"Team, Company, Department"



"Skill ID","Skill Name","Order","Description","Team","Evaluation Minimum (scale)","Evaluation Maximum (scale)","Measurement Period","Expectation","Role_Level ID"
,,"Primary, Secondary, Tertiary,",,,,,"Month/Week/Q/Annual/None"



"Metric_ID","Metric Name","Order","Description","Team","Evaluation Minimum (scale)","Evaluation Maximum (scale)","Measurement Period","Expectation","Role_Level ID"
,,"Primary, Secondary, Tertiary,",,,,,"Month/Week/Q/Annual/None"



"Evaluation Point (from scale)","Evaluation Point ID","Evaluation Name","Description","Quantitative Output","Qualitative Output","Skill_Id","Skill Name"
"1",,"Meets, Exceeds,"
"2"
"3"
"4"

"Evaluation Point (from scale)","Evaluation Point ID","Evaluation Name","Description","Quantitative Output","Qualitative Output","Value_Id","Value Name"
"1",,"Meets, Exceeds,"
"2"
"3"
"4"

"Evaluation Point (from scale)","Evaluation Point ID","Evaluation Name","Description","Quantitative Output","Qualitative Output","Is_range","Quantitative Range Min","Quantitative Range Max","Metric_Id","Metric Name"
"1",,"Meets, Exceeds,",,,,"true, false"
"2"
"3"
"4"

"Measurement Family","Weighting"
"Metrics","50%"
"Skills + Behaviors","30%"
"Values","20%"

"Evaluation Description","Evaluation Rating"
"Rarely Meets Standards","1"
"Inconsistently Meets Standards","2"
"Meets High Standards","3"
"Exceeds High Standards Regularly","4"
"Sets a New Standar","5"

"Role Name","Role Level","# of FTE In Role","Actual Volume Over Time","Headcount Required","Capacity State","Assumed Volume Over 3 Months","Assumed Volume Over 6 Months","Headcount Needed","Expected Capacity State"
"Support Coordinator","Associate","25","7500","30","Over Capacity"
"Customer Success Manager","Senior","5","200","3","Under Capacity"



"Role Name","Role Level","Determining Work Units / Inputs","Time Determining Work Units / Inputs","Assumed Shrinkage","Expected Output over Time","Adjusted Expected Output"
"Support Coordinator","Associate","Worked Cases","Monthly","15%","300","255"
"Customer Success Manager","Senior","Assigned Customers","None","10%","75","75"


"Manager + report Connections"
"Role Details Leveling and Compensation"
"Skill Settings and Scale"
"Value Settings and Scale"
"Metric Settings and Scale"
"Scale Definitions"
"Performance Alignment (Top Level)"
"Capacity Modeling (Outputs)"
"Capacity Modeling (Inputs)"
























































































"GTM Strategy"
"Marketing Strategy"
"Market Positioning Map "
"TOFU/MOFU"
"BOFU"
"Online Blog + Educational Content"
"Free Offering"
"High Quality "
"Short Courses"
"First Time Manager Enablement"
"Manager Organization"
"Low Price "
"High Price "
"Sales Strategy Process "
"Customer Retention Strategy"
"Flowchart Example"
"Industry Events"
"Customer Service Excellence What platforms will you use to distribute your content? (e.g., your own website, guest posts on other sites, social media)  "
"If the lead is not interested, the process might end here or the lead could be nurtured for potential  future opportunities"
"Low Quality "
"Loyalty Programs What kind of rewards or incentives could you offer to encourage repeat business? "
"If the lead is qualified, the next step is to make initial contact. This could be a phone call, email, or meeting"
"If the lead is interested, the next step is to demonstrate the product or service"
"This is where the sales team and the lead negotiate the terms  of the sale"
"This is where the process ends with a successful sale"
"This is a decision point where the sales team determines if the lead is a good fit for the product or service."
"Feedback Loops How will you collect and utilize customer feedback? "
"If the lead is not qualified, the process might end here or the lead could be nurtured for potential future opportunities"
"This is where the process begins."
"This is where the sales team determines if the lead is interested in the product  or service"
"After the product demonstration, the sales team sends a proposal to the lead"
"Promotion Strategy Brainstorm (Pt.2) "
"Promotion Strategy Brainstorm "
"Quality Assurance How will you ensure the consistent quality of your product or service? "
"Key"
"Social Media "
"Advertising "
"Which social media platforms do your target customers use most?  "
"What are the key messages you want to communicate through your advertising? "
"This shape represents a decision point in the flowchart, where a yes/no question is asked, and the flow of the process splits based on the answer."
"This shape represents a process or action step in the flowchart."
"This shape represents the start or end of a process."
"What kind of content would be most engaging for your audience on each platform? (e.g., photos, videos, polls, live Q&As)  "
"What advertising channels are most likely to reach your target customers? "
"How can you make your advertisements stand out from your competitors?  "
"How can you encourage your followers to interact with your posts and share them with their own networks?  "
"Growth Plan"
"Public Relations "
"What are some newsworthy aspects of your business that could attract media attention? "
"Low price/ barrier to entry for a manager to buy"
"How can you build relationships with journalists and influencers in your industry? "
"What kind of events or initiatives could you organize to generate positive publicity? "
"SAME price for the team"
"Content Marketing: "
"What kind of content would be valuable and engaging for your target customers? (e.g., blog posts, videos, podcasts, infographics)  "
"$100/mo for the business"
"How can you use content to demonstrate your expertise and build trust with your audience?  "
"What platforms will you use to distribute your content? (e.g., your own website, guest posts on other sites, social media)  "

"IC: Development Plan"
"[Name]'s Development Plan"
"My Areas of Opportunity"
"Career Aspiration"
"Training Needed   Description : Completion Date"
"Desired Role / Path"
"Skills"
"Timeline"
"Goals"
"Knowledge"
"Projected Costs"
"Manager Notes"

"Employee View"

"KPI","Target","Actual","Notes"



"Individual Employee View"
"Basic Info   Employee Name Role and Level Start Date EID"
"Goals"
"Performance"
"IMG"
"Shared 1:1   "
"Development Plan"
"Note"
"Actions"
"Past Notes "
"Past Meeting Notes"
"Past Meeting Notes"

"Database Design"

"Project Name","Description","Owner","Contributor","Aligned Goal","Project Status","Impact (Measurable)","Impact (Qualitative)","Outcome (Measurable)","Outcome (Measurable)","Owner Skills","Contributor Skills"




"Value UUID","Value Name","Company/ Dept / Team","Description","Example of Exceeding","Example of Meeting","Example of Developing","Example of Not Meeting"


"Org Name","Org UUID"
"Text","UUID"


"Team UUID","Team Name"


"Years Experience Required","Functional Team","Primary Expectation Value (Month)","Secondary Expectation Metric","Secondary Expectation Value (Month)","Tertiary Expectation Metric","Tertiary Expectation Volume (Month)","Quaternary Expectation Metric","Quaternary Expectation Value (Month)"


"User UUID","First Name","Last Name
","Email","Password","Permission","Org UUID","Org Name","Job Role UUID","Job Role","Employee ID","Display Name","Start Date","Status","Is Manager?","Is Director?","Direct Reports","Team UUID","Team Name"


"Job Role UUID","Job Role Name"," Team UUID","Level","Salary (Min)"," Salary (Max)","Variable/ Bonus?","Variable/ Bonus Payout Time","Variable/ Bonus Amount","Priority Responsibilities","Secondary Responsibilities","Tertiary Responsibilities"


"Skill UUID","Skill or Behavior Name","Competency Family","Description","Role","Level","Advanced/ Mastery Example","Demonstrates the Skill Example","Unskilled Examples"


"Connection UUID","Meeting UUID","Item UUID","Item Type","Item Name","Date","Create Date","Status","Added By","Is Overdue?","Is Completed?","Completed Date","Completed By"
"1",,,"Agenda Task"

"Connection UUID","Manager UUID","Employee UUID"
"UUID","UUID","UUID"

"Goal UUID","Goal Name","Description","Goal Type","UUID","Team UUID","Target Completion Date","Measurement 1","Measurement 2","Measurement 3","Status","Measurement 1 Actual","Measurement 2 Actual","Measurement 3 Actual","Completion %"
,,,"Team Personal"

"Connection UUID","Meeting UUID","Note UUID","Note Content","Create Date","Last Updated Date"
"1"

"Expectation Metric","Expectation Name","Description","Role","Job Level","Weighting","Evaluation = 1","Evaluation = 2","Evaluation = 3","Evaluation = 4","Evaluation = 5"
"1"
"2"
"3"
"4"

"Skill or Behavior Name","Expectation Name","Description","Role","Job Level","Weighting","Evaluation = 1","Evaluation = 2","Evaluation = 3","Evaluation = 4","Evaluation = 5"





"Value Name","Weighting","Job Role","Job Level","Evaluation = 1","Evaluation = 2","Evaluation = 3","Evaluation = 4","Evaluation = 5"





"Measurement Family","Weighting"
"Metrics","50%"
"Skills + Behaviors","30%"
"Values","20%"

"Evaluation Description","Evaluation Rating"
"Rarely Meets Standards","1"
"Inconsistently Meets Standards","2"
"Meets High Standards","3"
"Exceeds High Standards Regularly","4"
"Sets a New Standar","5"

"Role Name","Role Level","# of FTE In Role","Actual Volume Over Time","Headcount Required","Capacity State","Assumed Volume Over 3 Months","Assumed Volume Over 6 Months","Headcount Needed","Expected Capacity State"
"Support Coordinator","Associate","25","7500","30","Over Capacity"
"Customer Success Manager","Senior","5","200","3","Under Capacity"



"Role Name","Role Level","Determining Work Units / Inputs","Time Determining Work Units / Inputs","Assumed Shrinkage","Expected Output over Time","Adjusted Expected Output"
"Support Coordinator","Associate","Worked Cases","Monthly","15%","300","255"
"Customer Success Manager","Senior","Assigned Customers","None","10%","75","75"


"Project Details"
"Values"
"Org Details"
"Team Details"
"Role Details (Metrics)"
"User Details"
"Role Details Leveling and Compensation"
"Role Details (Skills + Behaviors)"
"Meeting Agenda + Tasks"
"Manager / Employee Connection Junction"
"Goals (Company, Department, Functional)"
"Meeting Notes"
"Performance Alignment (Metrics)"
"Performance Alignment (Skills & Behaviors)"
"Performance Alignment (Values)"
"Performance Alignment (Top Level)"
"Capacity Modeling (Outputs)"
"Capacity Modeling (Inputs)"























































































"Lean into the importance of developing the person to help grow and improve the company - variety of ways this happens"
"We provide all the tools that good managers use to get on the same page with their teams and build high performing teams.    Culture of trust, accountability, transparency - helps people understand what good looks like, where they stack up, how they can improve. Helps focus your time on the ""right"" segments of the team and manage out those that are not living up to role expectations.    Everyone need to be on the same page, the employee and manager, the manager and director, and the director and C-suite."
